{"dimer_separations": [1.4, 1.6105263157894736, 1.8210526315789473, 2.0315789473684207, 2.2421052631578946, 2.4526315789473685, 2.663157894736842, 2.8736842105263154, 3.0842105263157893, 3.294736842105263, 3.5052631578947366, 3.7157894736842105, 3.926315789473684, 4.136842105263158, 4.347368421052631, 4.557894736842105, 4.768421052631579, 4.978947368421052, 5.189473684210526, 5.4], "Mo2_dimer_energies": [7.004725632927148, 4.2522662506708, 1.3267669993674645, -0.5762740170384859, -1.499146117402688, -1.8945371017330217, -2.0037884880084675, -1.9032975578807054, -1.6071628667523328, -1.1708169834982982, -0.7114059133477895, -0.3153234096362212, -0.026558027647297422, 0.13109422651541536, 0.15534160491824878, 0.07289543673186927, -0.05383822358589896, -0.09458412484445944, -0.0565137351645717, -0.021617654490910354], "MoS_dimer_energies": [6.202515538896478, 3.1370490860826976, -0.05765734980968773, -1.9904281652538884, -2.6816969063988836, -2.70944947733733, -2.454787090297941, -2.089542692580835, -1.6483820428875333, -1.1542806304005353, -0.6839563082912719, -0.2923067826936858, 0.00768484942136638, 0.21742083747949437, 0.3335353408710944, 0.35523857969610617, 0.25356031268302104, 0.10799154508094944, 0.016615282346265303, -0.01435442715364843], "S2_dimer_energies": [6.5083220442948, 3.496368568605135, 0.36219473924870726, -1.5249011450655416, -2.165920775139398, -2.0965835675817743, -1.7427824610472271, -1.3950315569505847, -1.1477091174069756, -0.995583642067345, -0.9178182196914122, -0.8658191891322531, -0.8085306066520843, -0.72726914558109, -0.6024389245534394, -0.43045533705856087, -0.202170470269607, -0.05506046179209534, -0.014386563407924768, -0.015545601644930684]}