{"slide_path": [0.0, 0.014285714285714285, 0.02857142857142857, 0.04285714285714286, 0.05714285714285714, 0.07142857142857142, 0.08571428571428572, 0.1, 0.11428571428571428, 0.12857142857142856, 0.14285714285714285, 0.15714285714285714, 0.17142857142857143, 0.18571428571428572, 0.2, 0.21428571428571427, 0.22857142857142856, 0.24285714285714285, 0.2571428571428571, 0.2714285714285714, 0.2857142857142857, 0.3, 0.3142857142857143, 0.32857142857142857, 0.34285714285714286, 0.35714285714285715, 0.37142857142857144, 0.38571428571428573, 0.4, 0.4142857142857143, 0.42857142857142855, 0.44285714285714284, 0.45714285714285713, 0.4714285714285714, 0.4857142857142857, 0.5], "es": [0.0, 0.001354248493467, 0.0019513649953932534, 0.0022730709822973887, 0.003043646442826184, 0.0040534848082114635, 0.00548632641871561, 0.006238585219558953, 0.006519903730703185, 0.007255256534573876, 0.008363545325605471, 0.009831811247718468, 0.010061795956845202, 0.0086010243550074, 0.006653951361083551, 0.0056827713467786384, 0.006069541109025046, 0.007134969226776513, 0.007181199808175399, 0.006558265958313802, 0.0067530769653653495, 0.00775729552445926, 0.009520575467975185, 0.010251416053430466, 0.010278671400386706, 0.009901709896031513, 0.00956495348475165, 0.00880884604200024, 0.007405998487927017, 0.005643732858955382, 0.00465391511348866, 0.004279578393932054, 0.003574608182717359, 0.0026985078753272622, 0.0014292641347299182, -4.353674587012615e-12]}