{"openings": [-1.0, -0.7428571428571429, -0.48571428571428577, -0.22857142857142854, 0.02857142857142847, 0.2857142857142856, 0.5428571428571429, 0.8, 1.057142857142857, 1.314285714285714, 1.5714285714285712, 1.8285714285714283, 2.085714285714286, 2.342857142857143, 2.6, 2.8571428571428568, 3.114285714285714, 3.371428571428571, 3.628571428571428, 3.8857142857142852, 4.142857142857142, 4.3999999999999995, 4.657142857142857, 4.914285714285715, 5.171428571428572, 5.428571428571429, 5.685714285714286, 5.942857142857143, 6.2, 6.457142857142857, 6.7142857142857135, 6.9714285714285715, 7.228571428571428, 7.485714285714286, 7.742857142857142, 8.0], "es": [0.042802280079767635, 0.04020645676136228, 0.03688967622658322, 0.03344249193171873, 0.031189649794344326, 0.03296569271218712, 0.03456857378860336, 0.03573906235557656, 0.03708961633697072, 0.04015263975547461, 0.04100340523508221, 0.03980362974964139, 0.03666917851549753, 0.03149483363416601, 0.026436350920537824, 0.025142883387865536, 0.02541564794478322, 0.02160120136944913, 0.01878029212746516, 0.016443512599009134, 0.014950389329199277, 0.01349752375879448, 0.01108552052864149, 0.00874104692442602, 0.006567405326823393, 0.005376638817848861, 0.00420481375427352, 0.0020685261866438993, 0.000729377628923035, 0.0007848879363427964, 0.00038247096573276393, -0.0002698278161666831, -0.0011250734767569645, -0.0001662677823264444, 1.2627806199819874e-05, 0.0], "init_sep": 8.202419284784394}